<?xml version="1.0" encoding="UTF-8"?>
<project-private xmlns="http://www.netbeans.org/ns/project-private/1">
    <editor-bookmarks xmlns="http://www.netbeans.org/ns/editor-bookmarks/2" lastBookmarkId="0"/>
<<<<<<< HEAD
=======
    <open-files xmlns="http://www.netbeans.org/ns/projectui-open-files/2">
        <group>
            <file>file:/C:/Users/Diego%20Merentiel/Repos/Obligatorio-1-P2/src/juego/Tablero.java</file>
            <file>file:/C:/Users/Diego%20Merentiel/Repos/Obligatorio-1-P2/src/juego/AutitoChocador.java</file>
            <file>file:/C:/Users/Diego%20Merentiel/Repos/Obligatorio-1-P2/src/juego/Main.java</file>
        </group>
    </open-files>
>>>>>>> b95c063d86a5a80cb83cff9b53ac6ae8f17d89a1
</project-private>
